<application>
  <component name="ApplicationTasksOptions">
    <global-watchers>
      <TaskOptions>
        <option name="arguments" value="-e /home/radoslawgrochowski/.nvm/versions/node/v13.14.0/bin/node /home/radoslawgrochowski/.nvm/versions/node/v13.14.0/bin/prettier-eslint --write /Projects/$ProjectName$/$/FileRelativePath$" />
        <option name="checkSyntaxErrors" value="true" />
        <option name="description" />
        <option name="exitCodeBehavior" value="NEVER" />
        <option name="fileExtension" value="*" />
        <option name="immediateSync" value="false" />
        <option name="name" value="prettier-eslint" />
        <option name="output" value="" />
        <option name="outputFilters">
          <array />
        </option>
        <option name="outputFromStdout" value="false" />
        <option name="program" value="wsl" />
        <option name="runOnExternalChanges" value="true" />
        <option name="scopeName" value="Project Files" />
        <option name="trackOnlyRoot" value="false" />
        <option name="workingDir" value="" />
        <envs />
      </TaskOptions>
    </global-watchers>
  </component>
</application>